{
    "deltaZ": 1780.72189244029,
    "offset_d0": -16120.504138648,
    "phi_d0": -0.0134941584646505,
    "phi_d1": -0.0114901715358992,
    "shiftPlanes": 27.8240640644828,
    "theta": -0.259824653307249,
    "zDUT_d0": -563621.535885268
}
