{
    "deltaZ": 1446.41245238868,
    "offset_d0": -15696.4553255306,
    "phi_d0": -0.00439817571013533,
    "phi_d1": -0.0164975615307879,
    "shiftPlanes": -115.712334869424,
    "theta": -0.320556302554725,
    "zDUT_d0": -551679.23285593
}
