{
    "deltaZ": 2108.74757495227,
    "offset_d0": -15225.147553725,
    "phi_d0": -0.019302248257941,
    "phi_d1": -0.013800025829102,
    "shiftPlanes": 23.985473596922,
    "theta": -0.338221887325396,
    "zDUT_d0": -555748.297399728
}
