{
    "deltaZ": 1628.3899477626,
    "offset_d0": -15977.4759299971,
    "phi_d0": -0.0113395659195284,
    "phi_d1": -0.0156699495324139,
    "shiftPlanes": -26.2127565577243,
    "theta": -0.281148857630599,
    "zDUT_d0": -547656.549592235
}
