{
    "deltaZ": 906.337945172601,
    "offset_d0": -18622.9485411593,
    "phi_d0": -0.0088474710316421,
    "phi_d1": -0.00882219985982667,
    "shiftPlanes": 22.7418918040401,
    "theta": 0.00253611393770886,
    "zDUT_d0": -576546.120619111
}
