{
    "deltaZ": -1617.98847373776,
    "offset_d0": -18621.615657907,
    "phi_d0": -0.00894085370007339,
    "phi_d1": -0.00867921777237153,
    "shiftPlanes": -15.746828257756,
    "theta": 0.026121227408798,
    "zDUT_d0": -572842.89065576
}
