{
    "deltaZ": 1124.49539137804,
    "offset_d0": -15973.9497471555,
    "phi_d0": -0.00244388785911309,
    "phi_d1": -0.0152955468407988,
    "shiftPlanes": -133.502576769285,
    "theta": -0.302841475374104,
    "zDUT_d0": -548747.860969863
}
