{
    "deltaZ": 1351.25671240412,
    "offset_d0": -14885.2523024927,
    "phi_d0": -0.0174789431348003,
    "phi_d1": -0.0173547072938754,
    "shiftPlanes": 231.309108758557,
    "theta": -0.349065755658699,
    "zDUT_d0": -758950.978477967
}
