{
    "deltaZ": 1771.53381650236,
    "offset_d0": -15453.0274145753,
    "phi_d0": -0.0132993278063985,
    "phi_d1": -0.0159274605638967,
    "shiftPlanes": -36.4093481145704,
    "theta": -0.330081048892835,
    "zDUT_d0": -556200.86585051
}
