{
    "deltaZ": 1754.97862079374,
    "offset_d0": -16478.9452590568,
    "phi_d0": -0.0130122472340324,
    "phi_d1": -0.0147011937145983,
    "shiftPlanes": 13.1486172105185,
    "theta": -0.223928678686538,
    "zDUT_d0": -554034.388274974
}
