{
    "deltaZ": 1730.44473069937,
    "offset_d0": -17024.7627012559,
    "phi_d0": -0.00935462822523432,
    "phi_d1": -0.0105754711866605,
    "shiftPlanes": 10.728411947352,
    "theta": -0.183194206836309,
    "zDUT_d0": -556154.037860803
}
