{
    "deltaZ": 1880.18515150322,
    "offset_d0": -14812.4113972929,
    "phi_d0": -0.0089153477601578,
    "phi_d1": -0.0204017292855709,
    "shiftPlanes": 32.0196828154372,
    "theta": -0.325319108074035,
    "zDUT_d0": -563302.087517266
}
