{
    "deltaZ": 871.789826510724,
    "offset_d0": -16854.7451899989,
    "phi_d0": -0.00649311061402739,
    "phi_d1": -0.0146862601650771,
    "shiftPlanes": 0.343290069961085,
    "theta": -0.195816871308613,
    "zDUT_d0": -550193.405270335
}
