{
    "deltaZ": 1820.95621121589,
    "offset_d0": -17346.6808594108,
    "phi_d0": -0.0121406355471192,
    "phi_d1": -0.0105861045866452,
    "shiftPlanes": 32.1393031217433,
    "theta": -0.148505884714083,
    "zDUT_d0": -528199.034444805
}
