{
    "deltaZ": 1754.24191033076,
    "offset_d0": -15474.5202201641,
    "phi_d0": -0.0148420914590107,
    "phi_d1": -0.0164341035036691,
    "shiftPlanes": 12.3046512292831,
    "theta": -0.320821481305714,
    "zDUT_d0": -556227.481657797
}
