{
    "deltaZ": 1358.30561431771,
    "offset_d0": -15852.9195350745,
    "phi_d0": -0.0137721768706078,
    "phi_d1": -0.0180989302719564,
    "shiftPlanes": 45.1864152658589,
    "theta": -0.284840134145476,
    "zDUT_d0": -569528.260931107
}
