{
    "deltaZ": 1706.56155076917,
    "offset_d0": -15881.8922779278,
    "phi_d0": -0.0116508328797722,
    "phi_d1": -0.0159964430184437,
    "shiftPlanes": -36.412142311284,
    "theta": -0.279947300938636,
    "zDUT_d0": -556014.588251531
}
