{
    "deltaZ": 2251.69664651388,
    "offset_d0": -16497.197859874,
    "phi_d0": -0.0119786081608694,
    "phi_d1": -5.88229647574545e-07,
    "shiftPlanes": 147.81360333936,
    "theta": -0.235558615768096,
    "zDUT_d0": -475144.599868845
}
