{
    "deltaZ": 1883.44185515441,
    "offset_d0": -17765.5807869782,
    "phi_d0": -0.0105239867321052,
    "phi_d1": -0.0107204117601812,
    "shiftPlanes": -5.41110343958655,
    "theta": -0.0959699407053821,
    "zDUT_d0": -572767.01626867
}
