{
    "deltaZ": 713.010101615661,
    "offset_d0": -18328.2101740316,
    "phi_d0": -0.00461589210730896,
    "phi_d1": -0.00820634108242464,
    "shiftPlanes": -15.1178774216309,
    "theta": -0.0351978961427797,
    "zDUT_d0": -555000.920043839
}
