{
    "deltaZ": 1646.87292966785,
    "offset_d0": -15909.8582335859,
    "phi_d0": -0.0109575936711857,
    "phi_d1": -0.0145924925505222,
    "shiftPlanes": -28.6424388891303,
    "theta": -0.288072932780125,
    "zDUT_d0": -555253.781935927
}
