{
    "deltaZ": 1427.01729319414,
    "offset_d0": -15627.970627827,
    "phi_d0": -0.00453334154581712,
    "phi_d1": -0.014882918323941,
    "shiftPlanes": -93.5932208393903,
    "theta": -0.327096672527735,
    "zDUT_d0": -563746.122732445
}
