{
    "deltaZ": 906.337945172601,
    "offset_d0": -18622.9485411593,
    "phi_d0": -0.506922749477349,
    "phi_d1": -0.505474817988975,
    "shiftPlanes": 22.7418918040401,
    "theta": 0.145308624995022,
    "zDUT_d0": -576546.120619111
}
