{
    "deltaZ": 2160.3976606265,
    "offset_d0": -15289.3472274597,
    "phi_d0": -0.0166153509968509,
    "phi_d1": -0.0160368747640991,
    "shiftPlanes": -111.728006284006,
    "theta": -0.336947464788227,
    "zDUT_d0": -566648.380294725
}
