{
    "deltaZ": 1657.98576192882,
    "offset_d0": -15788.6704368781,
    "phi_d0": -0.0132623218311985,
    "phi_d1": -0.0159424304684353,
    "shiftPlanes": -29.2253920868239,
    "theta": -0.297810638274932,
    "zDUT_d0": -536524.472643469
}
