{
    "chi2": 2.2974052531618e-321,
    "deltaZ": 2400.0224795346,
    "offset_d0": -18.8072474150222,
    "shiftPlanes": 18.5594303835998,
    "theta": -0.0171136090291106,
    "zDUT_d0": -114101.43795996
}
