{
    "deltaZ": 1949.38809107094,
    "offset_d0": -16484.4575705465,
    "phi_d0": -0.015771155104334,
    "phi_d1": -0.0106384752240938,
    "shiftPlanes": 75.5557893363255,
    "theta": -0.216755084833684,
    "zDUT_d0": -558662.397094955
}
