{
    "deltaZ": 1829.21007936958,
    "offset_d0": -15992.3066400787,
    "phi_d0": -0.0142891910010673,
    "phi_d1": -0.0143046861753526,
    "shiftPlanes": 35.1204298220261,
    "theta": -0.269228815206397,
    "zDUT_d0": -569157.976559587
}
