{
    "deltaZ": 1617.68364457975,
    "offset_d0": -17744.976711325,
    "phi_d0": -0.0110285609345889,
    "phi_d1": -0.0108100932416902,
    "shiftPlanes": 10.501428199024,
    "theta": -0.107430024802985,
    "zDUT_d0": -556411.564450782
}
