{
    "deltaZ": 1419.42312329069,
    "offset_d0": -17377.6519756483,
    "phi_d0": -0.00875744317918763,
    "phi_d1": -0.0127557533907546,
    "shiftPlanes": -20.9983908855143,
    "theta": -0.143299453588769,
    "zDUT_d0": -551028.165398248
}
