{
    "deltaZ": 1776.05530542041,
    "offset_d0": -16499.6423983622,
    "phi_d0": -0.0101498759034398,
    "phi_d1": -0.01109342163948,
    "shiftPlanes": 10.6028502274191,
    "theta": -0.230492616867452,
    "zDUT_d0": -555301.025442085
}
