{
    "deltaZ": 1531.44823397213,
    "offset_d0": -17013.6351829553,
    "phi_d0": -0.00716960742221899,
    "phi_d1": -0.0117126221603125,
    "shiftPlanes": -19.0220756717862,
    "theta": -0.176257433945209,
    "zDUT_d0": -555196.142518057
}
