{
    "deltaZ": 1465.44330516343,
    "offset_d0": -16486.2367523048,
    "phi_d0": -0.0090225322671066,
    "phi_d1": -0.0165364769625447,
    "shiftPlanes": -65.3076396692367,
    "theta": -0.234169569227354,
    "zDUT_d0": -556199.971738334
}
