{
    "deltaZ": 1677.67375076812,
    "offset_d0": -15021.8376295083,
    "phi_d0": -0.0172705122660567,
    "phi_d1": -0.0164766001117678,
    "shiftPlanes": 122.810831133042,
    "theta": -0.349045427618815,
    "zDUT_d0": -592854.573286551
}
