{
    "deltaZ": 1800.0,
    "offset_d0": -15883.3819224168,
    "phi_d0": 0.0,
    "phi_d1": 0.0,
    "shiftPlanes": 30.0,
    "theta": -0.337940859745289,
    "zDUT_d0": -556212.0
}
