{
    "deltaZ": 1863.61351549401,
    "offset_d0": -15994.1215584988,
    "phi_d0": -0.0145315114444511,
    "phi_d1": -0.0145364787306355,
    "shiftPlanes": 28.9488597049854,
    "theta": -0.267444122433767,
    "zDUT_d0": -555337.797277538
}
