{
    "deltaZ": 1450.56386691024,
    "offset_d0": -16736.1922987814,
    "phi_d0": -0.0102797220380657,
    "phi_d1": -0.0129268560119277,
    "shiftPlanes": -20.9958580231386,
    "theta": -0.215806119903298,
    "zDUT_d0": -556004.460915067
}
