{
    "deltaZ": 586.119623368721,
    "offset_d0": -18630.9166108614,
    "phi_d0": -0.00807349187281337,
    "phi_d1": -0.00881809029105955,
    "shiftPlanes": 4.30872351766237,
    "theta": 0.0029212796784483,
    "zDUT_d0": -571818.598183113
}
