{
    "deltaZ": 1553.07717321598,
    "offset_d0": -16321.1264081528,
    "phi_d0": -0.0122708728148006,
    "phi_d1": -0.0158768584158272,
    "shiftPlanes": -17.0580891550209,
    "theta": -0.242493796119102,
    "zDUT_d0": -556070.592216429
}
