{
    "deltaZ": 1619.99817467138,
    "offset_d0": -15267.4929426458,
    "phi_d0": -0.00353801274632816,
    "phi_d1": -0.0187061899812263,
    "shiftPlanes": -198.509809904021,
    "theta": -0.347998442036313,
    "zDUT_d0": -674181.872463949
}
