{
    "deltaZ": 1275.87592393145,
    "offset_d0": -16755.5644931835,
    "phi_d0": -0.00712037715101065,
    "phi_d1": -0.0143146464113114,
    "shiftPlanes": -74.0991308529917,
    "theta": -0.209299993994856,
    "zDUT_d0": -558306.608174921
}
