{
    "deltaZ": 1700.30074219525,
    "offset_d0": -15771.0074124797,
    "phi_d0": -0.0139688450767305,
    "phi_d1": -0.0146806682639942,
    "shiftPlanes": -1.13020318375061,
    "theta": -0.299836507371855,
    "zDUT_d0": -555940.687239356
}
