{
    "deltaZ": 2133.26654095191,
    "offset_d0": -16783.0352312144,
    "phi_d0": -0.0118911699659924,
    "phi_d1": -2.67655138200679e-05,
    "shiftPlanes": 189.592143029286,
    "theta": -0.197175069549425,
    "zDUT_d0": -527333.293876567
}
