{
    "deltaZ": 1664.62519949216,
    "offset_d0": -16447.8239373933,
    "phi_d0": -0.00946911182856269,
    "phi_d1": -0.0124650684020263,
    "shiftPlanes": -26.1206502253081,
    "theta": -0.240165603849918,
    "zDUT_d0": -550761.106054553
}
