{
    "deltaZ": 1446.79366311047,
    "offset_d0": -16725.7709960823,
    "phi_d0": -0.0105444822603294,
    "phi_d1": -0.0135325027967185,
    "shiftPlanes": -14.6498659736118,
    "theta": -0.210340079960721,
    "zDUT_d0": -550372.281388004
}
