{
    "deltaZ": 1437.90328301816,
    "offset_d0": -16265.5400156858,
    "phi_d0": -0.0110189686531812,
    "phi_d1": -0.0154224488434129,
    "shiftPlanes": -48.0030697187523,
    "theta": -0.266819296511777,
    "zDUT_d0": -556197.173053076
}
