{
    "deltaZ": 1519.00267463911,
    "offset_d0": -16334.5975551874,
    "phi_d0": -0.0104712322468502,
    "phi_d1": -0.0156510586042082,
    "shiftPlanes": -49.9433852139231,
    "theta": -0.245454391973048,
    "zDUT_d0": -555889.740033982
}
