{
    "deltaZ": 1691.55406497386,
    "offset_d0": -15058.0273735207,
    "phi_d0": -0.0142061375960621,
    "phi_d1": -0.0191461105618015,
    "shiftPlanes": -7.90108436377085,
    "theta": -0.34903125350308,
    "zDUT_d0": -616794.75119709
}
