{
    "deltaZ": 1212.31894716132,
    "offset_d0": -16596.4120312364,
    "phi_d0": -0.0059925988984955,
    "phi_d1": -0.014293095189494,
    "shiftPlanes": -13.4939102745497,
    "theta": -0.227518648370732,
    "zDUT_d0": -556079.722429319
}
