{
    "deltaZ": 1800.0,
    "offset_d0": -14248.0019364366,
    "phi_d0": 0.0,
    "phi_d1": 0.0,
    "shiftPlanes": 30.0,
    "theta": -0.348965850398866,
    "zDUT_d0": -556212.0
}
