{
    "deltaZ": 1762.34566115179,
    "offset_d0": -16047.252769923,
    "phi_d0": -0.0122812666774333,
    "phi_d1": -0.0154285671549038,
    "shiftPlanes": -36.2908448317569,
    "theta": -0.273674017622533,
    "zDUT_d0": -556135.991255953
}
