{
    "deltaZ": 1534.22345880724,
    "offset_d0": -16561.1819104047,
    "phi_d0": -0.00788913577786987,
    "phi_d1": -0.0148331892708933,
    "shiftPlanes": -45.8819981533937,
    "theta": -0.220662643782945,
    "zDUT_d0": -569055.21050723
}
