{
    "deltaZ": 1535.08241403317,
    "offset_d0": -16982.0712572918,
    "phi_d0": -0.00798178797672752,
    "phi_d1": -0.0126051830162252,
    "shiftPlanes": -30.1189152645536,
    "theta": -0.183328841297815,
    "zDUT_d0": -562025.666710929
}
