{
    "deltaZ": 1800.0,
    "offset_d0": -15890.588753106,
    "phi_d0": 0.0,
    "phi_d1": 0.0,
    "shiftPlanes": 30.0,
    "theta": -0.334421543789881,
    "zDUT_d0": -556212.0
}
