{
    "deltaZ": 1770.03412353403,
    "offset_d0": -16027.2384847135,
    "phi_d0": 0.000349334534023221,
    "phi_d1": 0.00110518209263621,
    "shiftPlanes": 23.8937711644887,
    "theta": -0.292423639986138,
    "zDUT_d0": -556210.427605889
}
